{"10": [[14.520661157024797, 97.93388429752066], [46.33884297520662, 49.586776859504134], [98.81818181818181, 22.727272727272727], [153.36363636363637, 14.049586776859504], [222.78512396694217, 29.338842975206614], [268.6528925619835, 61.98347107438017], [283.11570247933884, 102.89256198347108], [259.1487603305785, 111.15702479338843], [243.44628099173553, 76.44628099173553], [205.4297520661157, 54.13223140495868], [152.53719008264463, 44.62809917355372], [110.38842975206612, 50.82644628099174], [69.06611570247934, 71.48760330578513], [40.96694214876034, 114.87603305785125]], "c15": [[57.90909090909091, 98.7603305785124], [92.6198347107438, 98.7603305785124], [124.43801652892563, 98.7603305785124], [150.4710743801653, 98.7603305785124], [181.0495867768595, 98.34710743801654], [213.28099173553719, 98.34710743801654], [244.2727272727273, 98.7603305785124], [244.2727272727273, 121.07438016528926], [215.7603305785124, 121.48760330578513], [181.87603305785126, 120.6611570247934], [151.29752066115702, 121.48760330578513], [124.02479338842977, 120.6611570247934], [93.44628099173553, 121.48760330578513], [58.32231404958678, 121.48760330578513]], "t5": [[91.3801652892562, 126.03305785123968], [112.04132231404958, 125.6198347107438], [133.11570247933884, 126.03305785123968], [151.29752066115702, 126.03305785123968], [168.2396694214876, 125.20661157024794], [190.55371900826447, 125.20661157024794], [209.97520661157026, 125.6198347107438], [209.97520661157026, 150.82644628099175], [188.900826446281, 150.82644628099175], [172.37190082644628, 151.2396694214876], [153.36363636363637, 151.2396694214876], [138.07438016528926, 151.2396694214876], [117.0, 150.82644628099175], [91.79338842975207, 150.41322314049586]], "22": [[27.3305785123967, 153.30578512396696], [14.933884297520663, 88.42975206611571], [70.30578512396694, 30.16528925619835], [159.97520661157026, 12.809917355371901], [249.23140495867767, 41.32231404958678], [290.55371900826447, 104.13223140495867], [277.3305785123967, 157.02479338842977], [259.97520661157023, 145.45454545454547], [269.4793388429752, 105.37190082644628], [237.24793388429754, 61.15702479338843], [155.01652892561984, 38.429752066115704], [86.83471074380165, 52.06611570247934], [40.14049586776859, 95.45454545454545], [49.64462809917356, 146.69421487603307]], "21": [[25.264462809917354, 151.65289256198346], [18.65289256198347, 79.33884297520662], [81.04958677685951, 25.619834710743802], [171.54545454545456, 12.396694214876034], [256.6694214876033, 46.28099173553719], [290.55371900826447, 104.95867768595042], [276.0909090909091, 154.95867768595042], [259.97520661157023, 144.62809917355372], [268.23966942148763, 105.78512396694215], [240.1404958677686, 65.70247933884298], [167.0, 37.1900826446281], [85.59504132231406, 52.892561983471076], [43.446280991735534, 91.73553719008265], [51.710743801652896, 147.93388429752068]], "23": [[27.743801652892564, 153.30578512396696], [16.586776859504134, 88.84297520661157], [71.54545454545455, 32.231404958677686], [162.04132231404958, 11.983471074380166], [254.60330578512395, 44.62809917355372], [289.72727272727275, 105.37190082644628], [277.3305785123967, 153.30578512396696], [259.56198347107437, 143.80165289256198], [268.6528925619835, 106.19834710743802], [240.1404958677686, 63.63636363636364], [160.80165289256198, 38.84297520661157], [84.76859504132231, 53.719008264462815], [40.553719008264466, 97.93388429752066], [47.99173553719008, 149.58677685950414]], "20": [[28.98347107438017, 158.67768595041323], [14.933884297520663, 88.42975206611571], [74.02479338842976, 25.619834710743802], [184.76859504132233, 14.049586776859504], [267.41322314049586, 55.78512396694215], [289.72727272727275, 107.85123966942149], [276.91735537190084, 156.19834710743802], [258.73553719008265, 143.38842975206612], [267.41322314049586, 108.26446280991736], [246.75206611570246, 72.72727272727273], [189.31404958677686, 41.735537190082646], [89.72727272727273, 49.17355371900827], [39.727272727272734, 97.10743801652893], [52.12396694214877, 144.21487603305786]], "v13": [[74.85123966942149, 154.54545454545456], [94.68595041322314, 165.28925619834712], [121.95867768595042, 172.72727272727272], [155.84297520661158, 175.61983471074382], [188.48760330578514, 171.48760330578514], [212.45454545454547, 164.0495867768595], [231.4628099173554, 154.13223140495867], [240.96694214876032, 171.48760330578514], [216.17355371900828, 182.64462809917356], [190.55371900826447, 191.3223140495868], [157.0826446280992, 195.45454545454547], [119.47933884297521, 191.73553719008265], [89.72727272727273, 181.8181818181818], [66.17355371900827, 170.6611570247934]], "16": [[22.371900826446286, 146.28099173553719], [21.958677685950413, 74.3801652892562], [88.900826446281, 23.96694214876033], [186.4214876033058, 15.702479338842975], [268.23966942148763, 57.43801652892562], [289.3140495867769, 112.80991735537191], [280.22314049586777, 144.62809917355372], [258.73553719008265, 134.7107438016529], [265.34710743801656, 101.65289256198348], [240.96694214876032, 68.59504132231405], [175.26446280991735, 40.49586776859504], [95.099173553719, 49.17355371900827], [43.446280991735534, 90.49586776859505], [47.57851239669422, 136.36363636363637]], "11": [[20.305785123966942, 110.3305785123967], [37.6611570247934, 61.570247933884296], [84.35537190082646, 30.16528925619835], [149.64462809917356, 15.289256198347108], [217.0, 29.338842975206614], [271.54545454545456, 69.42148760330579], [288.07438016528926, 111.98347107438016], [260.801652892562, 116.52892561983471], [247.9917355371901, 80.99173553719008], [205.84297520661158, 53.719008264462815], [152.12396694214877, 44.214876033057855], [93.85950413223141, 54.95867768595041], [54.190082644628106, 82.23140495867769], [45.512396694214885, 116.52892561983471]], "18": [[24.85123966942149, 148.34710743801654], [19.892561983471076, 80.99173553719008], [76.91735537190083, 28.51239669421488], [166.17355371900828, 14.049586776859504], [245.51239669421489, 40.082644628099175], [288.07438016528926, 93.80165289256199], [280.6363636363636, 148.7603305785124], [260.801652892562, 140.9090909090909], [267.8264462809917, 103.30578512396694], [238.07438016528926, 64.0495867768595], [162.86776859504133, 41.32231404958678], [85.18181818181819, 52.06611570247934], [42.6198347107438, 92.97520661157026], [47.57851239669422, 145.04132231404958]], "8": [[24.438016528925623, 76.44628099173553], [65.34710743801654, 35.950413223140494], [105.4297520661157, 20.66115702479339], [155.84297520661158, 14.87603305785124], [205.01652892561984, 23.96694214876033], [247.9917355371901, 45.45454545454545], [277.74380165289256, 76.85950413223141], [253.36363636363637, 96.2809917355372], [221.13223140495867, 62.396694214876035], [184.35537190082644, 49.586776859504134], [154.1900826446281, 45.867768595041326], [110.38842975206612, 50.82644628099174], [79.80991735537191, 63.63636363636364], [47.57851239669422, 97.10743801652893]], "12": [[17.82644628099174, 115.2892561983471], [40.96694214876034, 54.13223140495868], [103.36363636363637, 22.31404958677686], [174.8512396694215, 16.94214876033058], [234.76859504132233, 37.1900826446281], [279.39669421487605, 80.57851239669422], [287.24793388429754, 117.35537190082646], [261.6280991735537, 121.07438016528926], [256.6694214876033, 91.32231404958678], [219.89256198347107, 57.85123966942149], [169.89256198347107, 45.04132231404959], [111.62809917355372, 48.34710743801653], [59.97520661157026, 74.79338842975207], [44.68595041322314, 122.31404958677686]],